epoch,steps,cosine_accuracy,cosine_accuracy_threshold,cosine_f1,cosine_precision,cosine_recall,cosine_f1_threshold,cosine_ap,cosine_mcc
-1,-1,0.9037037037037037,0.79500395,0.9090909090909092,0.8783783783783784,0.9420289855072463,0.73330253,0.9728960970608774,0.8092271054521546
-1,-1,0.9135802469135802,0.7896083,0.9135802469135803,0.9343434343434344,0.893719806763285,0.7896083,0.9738415799397253,0.8280632411067194
