epoch,steps,cosine_accuracy,cosine_accuracy_threshold,cosine_f1,cosine_precision,cosine_recall,cosine_f1_threshold,cosine_ap,cosine_mcc
1.0,102,0.8938271604938272,0.80653596,0.8922305764411028,0.9270833333333334,0.8599033816425121,0.7921668,0.9671655609963121,0.7900642275189964
2.0,204,0.9037037037037037,0.79500395,0.9090909090909092,0.8783783783783784,0.9420289855072463,0.73330253,0.9728960970608774,0.8092271054521546
1.0,102,0.8938271604938272,0.8063856,0.8916876574307304,0.9315789473684211,0.855072463768116,0.8063856,0.9671343495144453,0.7907288889677713
2.0,204,0.908641975308642,0.78712094,0.9077306733167082,0.9381443298969072,0.8792270531400966,0.78712094,0.9726237460654705,0.8191407900271505
3.0,306,0.908641975308642,0.7755428,0.908235294117647,0.8853211009174312,0.9323671497584541,0.736701,0.972765625400968,0.8082767304074051
4.0,408,0.9185185185185185,0.7889433,0.9185185185185185,0.9393939393939394,0.8985507246376812,0.7889433,0.9728527520797909,0.8379446640316206
5.0,510,0.9160493827160494,0.79069376,0.9158415841584159,0.9390862944162437,0.893719806763285,0.79069376,0.9725533853070469,0.8332153987005407
